Month,Grains,Seafood,Meat,Milk and eggs,Vegetables and seaweed,Fruits,Oils and seasonings,Confectionery,Cooked food,Beverages,Alcoholic beverages,Eating out,Rent,Equipment repair and maintenance,Electricity,Gas,Other light and heating,Water and sewage,Household durable goods,Interior equipment and decorations,Bedding,Housework miscellaneous goods,Housework consumables,Housework service,Japanese clothes,Western clothes,Shirts and sweaters,Underwear,Fabric and threads,Other clothing,Footwear,Clothing related services,Pharmaceuticals,Ingestion for maintaining health,Health and medical supplies and equipment,Health care service,Transportation,Car related expenses,Communication,"Tuition fees, etc.",Textbooks and learning reference materials,Supplementary education,Durable goods for culture and entertainment,Art and entertainment products,Books and other printed materials,Art and entertainment services,Miscellaneous expenses,Pocket money (unknown use),Entertainment expenses,Remittances
2000-01-01,5942,8143,6108,3372,7813,2524,2804,4553,7102,2718,2652,13132,11216,5342,11096,7008,2118,4733,2955,904,866,2070,1557,889,997,8314,3538,1408,279,1331,1615,885,1811,527,2536,5875,6589,15407,9235,9406,278,2843,3956,6124,4244,15296,18593,21858,42547,6512
2000-02-01,6809,8386,6394,3623,8477,2888,3072,5051,7278,2935,3007,10952,11266,7189,10973,7456,2639,4609,2605,877,709,1921,1770,837,876,5824,2423,1222,262,1038,1199,829,1981,535,2276,6887,5526,16957,8484,11411,219,2847,3029,5431,4540,15000,18408,20078,24030,7625
2000-03-01,7310,8967,6426,3900,9105,2959,3209,5321,7825,3320,3448,12236,11473,6926,10716,7591,2213,4812,3360,816,1125,2307,1960,860,245,8174,3086,1221,303,1135,2099,1165,2120,734,2359,6448,7014,23012,8934,12545,1095,4058,4367,7577,4711,17695,22057,21286,31723,11996
2000-04-01,7321,8434,6388,3766,9040,2754,3089,4840,7754,3390,3525,11856,11047,7769,10109,7256,1194,4349,2201,781,667,2312,2051,947,667,6465,3352,1266,264,1184,1975,1860,1926,505,2115,6607,7896,24604,8561,19239,917,3885,2987,7702,4484,17208,20016,19901,27505,19347
2000-05-01,7294,8516,6576,3878,9287,2897,3257,4994,7660,4023,3896,13124,11688,7556,8890,6608,719,4858,3070,1271,780,2292,2270,1002,627,5917,3758,1541,346,1287,1850,1957,1962,524,2276,6477,6918,19392,9580,8516,427,2568,2648,7476,4473,17802,18958,20030,27694,7156
2000-06-01,7096,7869,6334,3762,9283,2895,3355,4531,7323,3712,3835,11597,11886,9559,7769,5569,428,4669,3968,1063,676,2051,2411,1082,831,5149,3666,1677,343,1094,1821,1455,1857,720,2217,6253,5605,19274,9233,6320,214,2840,3053,6097,4265,17233,19463,22688,23867,7688
2000-07-01,7125,7472,6296,3755,8636,3209,3193,4689,8252,4373,4091,13116,12183,12294,8461,5023,353,4773,6195,1114,855,2462,2564,1227,701,6143,4210,1749,261,1031,2086,1137,2063,648,2790,6263,7846,23080,9410,7255,238,3769,4095,6384,4504,19354,18834,23570,29750,7596
2000-08-01,6842,7993,6481,3781,8703,3645,3069,5029,8209,4392,3985,14113,10974,7695,10730,4388,278,4894,3600,740,604,2150,2281,1200,547,4141,2736,1262,279,743,1442,864,1996,732,2156,6168,9077,16824,9389,5447,137,2932,2940,6187,4380,23125,18983,21330,32665,7737
2000-09-01,7365,8015,6366,3825,9150,3446,3098,4539,7808,3708,3649,10977,11232,8213,11265,4141,317,4977,2895,952,616,2152,2174,936,1105,4189,2502,1139,219,851,1580,888,1811,727,2044,5307,6185,21337,8825,13255,219,2767,3035,6019,4247,15199,18462,19041,22847,10840
2000-10-01,8032,8341,6608,3840,9513,3154,3221,4548,8081,3310,3537,11915,11819,8538,8986,4384,688,5186,2783,1113,1143,2261,2105,1071,296,6630,3618,1618,250,1244,1775,1436,1789,731,2284,6481,6814,16063,10291,13499,213,2935,2947,6457,4552,16216,19532,20355,25136,11852
2000-11-01,7067,8387,6353,3609,8752,2709,3361,4434,7795,3032,3508,11584,11121,10919,8095,5054,1378,4958,3423,1411,990,2169,2065,955,503,6544,2901,1499,305,1371,1575,1221,1861,765,2447,6509,6361,18684,11537,8805,226,2821,3177,6173,4458,14810,18342,19550,24645,6924
2000-12-01,9161,13388,7966,3924,10395,3717,3827,6087,10918,3445,4789,13839,12524,15836,9089,6178,2865,4695,5811,2081,1580,3385,2658,1281,714,7590,3486,2126,367,1799,2012,1169,2199,954,2854,7135,6362,25553,10770,9225,237,3443,5508,10817,5072,17374,22094,30126,46354,6776
2001-01-01,5934,7823,6065,3237,8326,2718,2841,4535,7485,2733,2674,12547,10759,5460,11069,7247,3095,4728,4421,915,880,2084,1559,906,392,7428,2979,1429,390,1502,1719,754,1724,858,2056,5839,6485,15076,10357,9814,195,2842,3472,5984,4164,15279,19335,20057,42561,6181
2001-02-01,6188,7604,5854,3370,8628,2943,2874,4908,7159,2897,2959,11011,11231,7463,11325,7639,3161,4652,3518,820,944,2080,1670,856,982,5324,2078,1076,251,967,1074,762,1806,803,2367,6030,5336,23731,9521,12866,217,2417,3350,5399,4384,14813,16835,18356,22836,8365
2001-03-01,6929,8416,6215,3624,8865,3101,3037,5283,7814,3302,3274,11942,10747,7119,10161,7447,2339,4589,5687,839,955,2189,1927,910,980,7835,2801,1095,310,1145,1985,1219,2183,1096,2303,7268,6735,27093,9366,13832,996,3689,4466,7184,4728,17399,21399,20125,31620,14345
2001-04-01,6755,7961,5961,3570,8634,2750,2956,4726,7575,3408,3333,11293,10323,8350,9375,6800,1340,4427,2808,846,583,2138,1952,972,351,5901,3269,1161,205,1144,1850,1761,1914,985,1924,6576,7688,21086,9614,16006,827,2992,3246,7761,4488,17657,19643,18632,28951,14042
2001-05-01,6842,8003,6331,3644,9125,2799,3160,4819,7723,3935,3618,11891,10465,11734,8510,6473,739,4800,2804,848,644,2112,2202,1064,241,5187,3519,1287,210,1081,1692,1443,1919,1129,2266,6643,6467,16425,10405,9036,483,2277,2346,7296,4456,17251,20626,18199,27449,6727
2001-06-01,6713,7628,6123,3540,9012,2952,3267,4456,7484,3785,3681,11077,10568,9778,7568,5514,501,4619,3549,1001,751,2103,2417,1334,459,5305,3534,1493,205,1099,1740,1283,2006,950,2056,6511,5513,17014,8741,5944,199,2482,3866,6426,4204,16474,17630,21356,23576,6563
2001-07-01,6586,7211,6069,3618,8279,3122,3074,4743,8470,4583,3837,12406,11176,10048,8315,4882,335,4909,6430,1219,724,2150,2447,1209,733,5361,4130,1620,275,998,1913,1075,2073,995,2158,5976,6859,23048,10543,6995,194,3455,3565,6453,4363,18754,20195,21837,28213,6630
2001-08-01,6630,7737,6401,3614,8652,3511,3059,4939,8360,4204,3571,12807,10629,8971,10912,4343,316,5073,4058,735,1060,2135,2234,1102,702,3541,2565,1186,189,726,1440,733,1945,811,2026,6020,8717,17417,9895,4833,137,2373,3085,6165,4363,20479,18458,20261,33672,5683
2001-09-01,7407,7830,5971,3638,9093,3313,3057,4455,8022,3586,3392,10787,10712,7113,10200,4144,346,5079,2407,929,732,2071,2175,898,380,4262,2485,1071,197,854,1621,785,1805,799,1805,6710,6147,18019,8687,11299,176,2396,2959,6059,4192,14764,17922,18618,21892,10715
2001-10-01,8222,8331,5511,3649,9409,3196,3131,4462,8262,3375,3482,10586,11157,9290,8342,4555,673,5290,3352,1071,831,2155,2103,1108,610,6187,3074,1354,300,1052,1714,1301,1885,983,2153,6800,6567,19765,10318,13756,234,2555,2362,5720,4457,15552,20242,18967,24237,11967
2001-11-01,6876,8228,5580,3459,8380,2747,3246,4429,7994,2931,3245,11678,10929,7838,8066,5165,1470,4793,2938,1104,1178,2152,1954,880,640,6981,2887,1460,342,1337,1559,1200,1867,721,2145,7283,6251,19739,11680,7479,154,2567,2557,6441,4400,15926,19891,18193,27639,6331
2001-12-01,8784,13295,6981,3786,9732,3328,3735,5947,11293,3413,4821,14035,12298,11987,9104,6235,2604,5078,4832,1862,1301,3184,2534,1192,524,7650,3035,1938,283,1723,1734,1065,2202,1127,2743,6845,6474,20599,10700,6214,182,3034,5535,9832,4972,16532,19213,27245,41468,5716
2002-01-01,5949,7757,5559,3181,7676,2521,2824,4601,7616,2822,2665,12561,10867,4377,11729,7129,2379,4901,3161,878,754,2132,1576,763,463,6760,2953,1425,230,1301,1629,927,1843,813,2157,6793,6477,18125,10670,8894,316,2302,3525,6247,4400,14993,19474,20257,40051,5819
2002-02-01,6246,7539,5365,3256,7629,2784,2886,4906,7200,2819,2864,10405,10809,6314,11315,7407,2304,4742,2639,680,649,1721,1641,889,299,4931,2065,942,253,839,1086,695,1937,887,1655,6641,5063,17124,9551,10188,180,2231,3185,4809,4496,14230,18471,17439,22340,6943
2002-03-01,6946,8374,5883,3647,8279,2894,3065,5423,7968,3341,3353,12445,10503,7135,10047,7063,1603,4716,3069,933,859,2207,2055,796,422,7703,3025,1088,287,1034,2036,1226,2145,924,2360,7569,6906,26843,9319,10790,997,2969,3812,7028,4912,15841,21984,19586,33191,13779
2002-04-01,6770,8006,5897,3591,8464,2643,3041,4860,7734,3485,3291,11026,11070,8563,8981,6500,942,4788,2608,892,674,2221,1962,1009,322,5776,3335,1244,242,1112,1939,1679,1857,840,1865,6400,7719,18745,10778,19546,845,3366,2992,7559,4790,16672,19274,18295,28626,15390
2002-05-01,6856,8094,6118,3778,9377,2732,3206,5062,7797,3965,3560,12402,11340,8885,8386,6024,584,4637,2895,846,757,2151,2237,882,119,4695,3191,1352,335,1009,1695,1620,1977,893,1862,6382,5894,17473,10134,9081,298,2296,2346,6950,4684,16864,19385,17407,26086,5367
2002-06-01,6812,7537,5951,3723,9156,2979,3254,4648,7483,3755,3832,11163,10579,10992,7678,5431,376,4709,3696,1255,661,2281,2385,980,1023,5354,3588,1467,191,1088,1891,1195,1915,1025,2123,6120,5217,19856,9616,6353,170,2410,2663,6248,4487,14781,19722,19784,24008,5816
2002-07-01,6601,7182,5824,3755,8510,3133,3070,4615,8043,4305,3617,12016,11305,13224,7869,4828,300,5118,5017,1029,680,2163,2408,1197,405,5329,3636,1589,212,953,1885,1017,2186,864,2051,6566,6702,22314,11073,7007,225,3170,2656,6027,4636,19693,23255,19987,30184,6269
2002-08-01,6488,7748,6111,3775,8751,3508,2964,4974,8298,4306,3692,13413,10524,8492,10725,4294,249,4827,3818,815,488,2133,2239,1035,324,3409,2560,1136,146,661,1396,805,1995,804,1995,6203,8159,16937,9701,5539,127,2584,2524,6129,4540,19781,19815,18906,33285,5664
2002-09-01,6950,7516,5952,3744,9045,3283,2979,4475,7703,3703,3310,11282,10296,9574,10473,4064,284,5468,2478,1029,730,2071,2173,889,424,4284,2542,1026,165,777,1715,857,1889,758,1917,5667,6599,19541,11222,10901,213,2819,3302,5660,4452,15240,23611,17231,23439,9700
2002-10-01,7760,7644,6180,3714,9070,3134,3159,4445,7951,3373,3231,10702,10417,11329,8154,4379,628,5114,3181,1183,805,2156,2087,999,354,5973,2967,1390,273,1101,1618,1294,2107,927,2218,6460,6478,19557,10424,13691,305,2671,2902,6129,4670,17332,21225,17842,23930,10357
2002-11-01,6815,7778,6077,3496,8687,2584,3246,4328,7748,2973,3271,11472,10566,6401,8158,5195,1785,4760,3592,1385,1026,2151,1922,1031,449,7031,2697,1559,225,1388,1532,1070,1984,781,1964,7012,5738,19112,11737,8425,161,2549,3491,5970,4548,15223,19776,16959,25598,5699
2002-12-01,8293,12338,7556,3773,10009,3172,3748,6009,11172,3449,4523,13704,12002,13921,9103,6194,2743,4973,4592,1747,1118,3182,2550,1221,481,6651,2896,1862,205,1513,1846,1016,2312,920,2609,8034,5592,20440,12303,7446,191,2971,3914,9933,5143,16713,21616,24410,38683,5914
2003-01-01,5622,7231,5655,3232,7946,2444,2770,4387,7496,2860,2351,12268,10877,4675,11483,7199,2614,4858,2796,740,726,1969,1628,855,943,6791,2822,1280,272,1221,1320,758,1905,804,2381,7129,6313,16655,11607,9157,193,2565,3161,5517,4318,14709,18081,18295,39885,5973
2003-02-01,6010,7184,5540,3292,8131,2607,2804,4775,7281,2824,2767,10112,11058,4793,10972,7434,2460,4769,2380,703,761,1779,1786,741,781,4893,1846,1005,189,830,1018,622,1830,1000,2082,6909,5475,18361,10532,9763,234,2419,2554,4892,4366,14500,17310,16097,22216,5929
2003-03-01,6844,8104,6007,3631,8846,2750,3119,5385,7967,3322,3196,11856,10970,5547,10185,7117,2325,4794,3269,1010,868,2028,2084,844,741,7268,2761,1084,280,979,1885,950,1936,1027,2376,7405,6731,25419,10753,10704,999,3195,2993,6471,4868,15656,22606,18268,31785,10640
2003-04-01,6735,7529,5753,3520,8958,2542,2963,4750,7691,3372,3655,10473,11279,8654,9301,6805,1136,4636,2505,700,603,1986,2080,860,149,5585,2932,1128,164,981,1738,1515,1704,1100,2108,7289,6883,23153,10551,20661,892,3185,2913,7034,4470,15502,19227,17476,24411,13836
2003-05-01,6715,7658,6054,3622,9453,2622,3141,5001,7758,3907,3274,11772,10819,9526,8339,6169,638,4451,2538,1117,572,1931,2312,938,121,5004,3240,1177,192,999,1441,1463,1916,974,2323,6842,5874,16609,9744,8737,230,2192,2257,6860,4511,15509,20361,16944,25172,6153
2003-06-01,6613,7162,5787,3599,9164,2818,3246,4558,7465,3754,3602,10824,11297,12942,7397,5469,378,5061,3718,882,635,2000,2482,897,294,4738,3421,1437,187,975,1751,1152,2030,1328,2182,6988,5056,20343,11705,6643,137,2301,2826,5961,4468,15405,20132,19654,22686,6193
2003-07-01,6745,7054,5824,3556,8472,2809,3159,4636,8391,3820,3539,11775,11290,7966,7594,4869,356,4811,4738,1036,809,2222,2469,1124,1005,4730,3439,1457,160,822,1643,906,2127,1231,2395,7492,6658,23124,10936,7002,210,2689,3346,5986,4528,18058,18978,19219,29325,5913
2003-08-01,6533,7301,6022,3574,8416,3177,2974,4994,8388,4123,3685,12966,10492,11922,8758,4556,261,4854,4065,835,950,2061,2279,1000,399,3365,2477,1103,176,645,1283,729,1954,1042,2132,6682,8231,19829,10258,5185,137,2485,2738,6202,4383,19736,20473,18792,31764,5899
2003-09-01,6842,6957,5793,3509,8664,2959,2908,4509,7834,3796,3274,10831,11054,9089,9622,4290,347,5111,2574,1074,506,1879,2147,1037,313,3853,2401,1084,143,813,1443,732,1948,982,2351,7534,6268,18418,11798,13760,163,2673,2474,5520,4419,14811,19866,15659,21625,10041
2003-10-01,8449,7249,5956,3526,8605,2857,3178,4509,8113,3403,3254,10816,11121,10767,8715,4491,671,5061,2150,1249,938,2013,2116,988,514,5927,3076,1359,285,1117,1658,1182,2090,1454,1969,6578,6636,19061,11176,14852,131,2490,2672,6094,4545,16889,18766,17314,22893,8832
2003-11-01,7246,7182,5917,3358,7654,2446,3239,4417,7884,3124,3357,11667,10644,7528,7960,5053,1155,4931,3962,1055,904,2166,1968,851,440,6126,2851,1388,253,1212,1494,1068,1893,949,1923,7221,5779,19810,12083,7549,124,2358,2443,6145,4579,15723,22411,16718,25494,5794
2003-12-01,8901,11654,7285,3600,9196,2928,3700,5960,10884,3444,4587,13439,12307,13711,8587,5769,2260,4993,5412,1540,1214,3169,2627,1102,719,6857,3106,1709,225,1506,1673,1226,2321,1288,2314,7859,5945,18221,13008,6900,146,3050,4273,9500,5149,17047,23744,23518,38849,6806
2004-01-01,6085,7178,5644,3081,7787,2372,2838,4581,7618,2964,2564,12453,11224,3990,11168,6959,2404,4727,2876,884,736,2020,1648,793,568,6845,2929,1209,256,1323,1420,795,1950,1184,2314,7145,6202,17037,11199,9219,150,2887,2949,5806,4286,14614,20866,18345,38346,6837
2004-02-01,6496,7312,5548,3256,8236,2745,2949,5007,7378,3075,3006,10699,11232,6385,11357,7494,2178,4866,1931,670,699,1736,1810,882,347,5080,2188,991,181,774,1109,735,1900,1050,1898,7056,5024,23443,11141,9684,171,2445,2518,5422,4469,16075,18575,16731,22440,6522
2004-03-01,6981,7678,5821,3399,8639,2786,3073,5130,7792,3354,3105,11401,11423,6415,10230,7194,1880,5025,2670,933,981,1936,1931,1027,578,7237,2816,987,237,928,1837,1032,1817,1280,2335,7221,7217,25945,11858,11196,1036,3624,3285,6794,4704,16117,23475,17103,30111,10518
2004-04-01,6894,7003,5750,3356,8484,2533,2951,4688,7397,3442,3192,10781,11491,8499,9459,6929,1083,4871,2535,954,633,1977,2023,1093,642,5006,3099,1048,179,942,1627,1630,2031,1494,2009,6673,7737,25254,11513,21193,895,3524,3270,7232,4692,18139,19904,16524,25237,16080
2004-05-01,7021,7326,6179,3517,8862,2581,3210,5024,7645,3993,3553,12525,10950,10491,8339,6043,696,4615,2800,970,716,1993,2251,1097,384,5091,3400,1235,176,1056,1616,1334,1706,1417,2198,6206,6650,20994,11289,8383,329,2374,3249,6796,4574,17993,20341,15882,26843,6050
2004-06-01,6680,6708,5810,3405,9049,2719,3321,4391,7261,3853,3598,10741,10650,9844,7459,5154,439,5201,3620,798,636,1860,2351,1050,238,3977,3212,1333,131,981,1543,1123,1807,1042,2371,7415,5311,18147,10562,6141,160,2834,2453,5835,4340,16619,20448,19131,23239,6010
2004-07-01,6665,6417,5718,3492,8176,2937,3107,4580,8239,4544,3608,12255,10295,10074,8284,4485,382,4712,4983,1120,674,2067,2355,1087,751,4949,3802,1422,160,862,1571,887,1824,1196,2239,6994,7150,23056,10037,7001,165,3309,3352,5568,4431,17940,20463,19557,27516,6160
2004-08-01,6697,6840,6145,3454,8224,3241,3016,4846,8338,4314,3475,12630,10924,7240,10402,3953,324,5549,4252,980,644,1924,2164,924,305,3225,2467,1091,133,704,1151,676,1822,1396,2084,6138,8155,19138,11956,6092,112,3095,2756,6095,4469,21746,20662,17265,32150,5676
2004-09-01,6894,6812,5834,3441,8668,2964,2930,4343,7650,3840,3283,10780,10669,6263,9940,3791,303,4963,2325,629,572,1884,2083,783,185,3612,2288,1048,155,704,1382,759,1680,1123,1867,6645,6589,19513,11133,13060,164,2646,2660,5331,4579,15703,19517,15856,22752,12352
2004-10-01,7778,7174,6131,3470,9340,2848,3146,4483,8146,3479,3334,10957,10640,7420,8540,4064,789,5308,2641,973,815,1919,2111,940,306,5450,3214,1330,172,1111,1564,1079,1838,1110,1883,7716,6368,20830,10189,13808,167,2150,2219,5472,4482,17229,21642,16681,23015,9323
2004-11-01,6845,7009,5764,3293,8775,2534,3111,4324,7771,3175,3307,11086,11090,10702,7902,4777,1196,5139,3575,993,726,1908,1923,914,1023,5252,2591,1200,182,1028,1335,1119,1710,1210,2202,7612,5459,17645,13772,7790,113,2505,2677,5851,4531,15417,20558,16187,24779,6221
2004-12-01,8085,11167,7257,3622,9467,3171,3599,5824,10923,3515,4477,13417,11807,11045,8547,5589,2391,5043,4161,1359,1125,2717,2471,1182,389,6272,2898,1494,171,1350,1537,991,2089,1426,2112,7336,5822,22651,11784,7246,148,2933,4380,9587,5103,16787,22740,21074,38088,7275
2005-01-01,5615,6988,5838,3066,7736,2571,2814,4458,7602,2991,2657,12034,10903,4202,10845,6671,3036,4888,3463,909,831,1965,1643,682,243,6544,3107,1257,189,1282,1549,749,1766,1217,2177,7168,6105,18697,12066,10085,145,2455,3699,5725,4354,13994,21234,17338,37312,7283
2005-02-01,5941,6697,5501,3197,7962,2693,2815,4733,7305,2975,2721,9994,11146,4655,11175,7334,3144,5107,2046,674,529,1619,1655,778,88,4014,1853,870,189,775,1008,741,1819,1518,2358,6481,4727,20992,10705,9524,198,2258,2362,4521,4363,15686,20768,15459,20264,6468
2005-03-01,6426,7428,5959,3496,8663,2815,3041,5127,7726,3376,3061,10867,10647,4938,10525,7175,2713,4785,3190,917,1184,1944,1904,843,325,6495,2398,1092,180,909,1632,972,2116,1468,2438,7439,6673,28070,10873,10990,965,3228,3825,5978,4746,17186,22951,16166,30476,10992
2005-04-01,6355,6973,5932,3481,8587,2640,2954,4726,7685,3654,3156,10794,10679,8750,9755,6784,1485,4703,2263,555,405,1977,1981,898,480,5632,3042,1130,211,1010,1693,1526,1799,1434,2108,8014,7838,23032,10069,17037,943,2996,3502,6898,4514,16401,22731,16718,25495,14421
2005-05-01,6453,7167,6235,3566,8977,2642,3142,4946,7735,4101,3462,12117,10559,11161,8446,6128,942,4975,2355,870,699,1989,2229,801,194,4504,3193,1196,170,1010,1619,1315,1767,1224,1985,7566,6458,20126,11701,8429,261,2162,2210,6773,4501,17193,20957,15905,24952,6714
2005-06-01,6053,6525,5756,3489,8449,2688,3177,4456,7318,4046,3564,10950,11122,9502,7454,5345,598,5301,3465,1233,504,1984,2345,988,626,4556,3601,1445,154,1020,1666,1158,1819,1259,1900,7923,5822,21060,10617,6028,172,2358,2721,5774,4320,17194,20208,18215,21196,4877
2005-07-01,6227,6446,5843,3475,7952,2743,3070,4683,8388,4290,3538,12267,10726,9909,7723,4597,378,4859,4510,987,854,2027,2398,995,565,4629,3667,1392,126,875,1701,847,2013,1449,2133,7404,6728,18662,10234,6286,133,3135,3454,5980,4447,17636,22029,17656,27861,4841
2005-08-01,6090,6718,6092,3450,7820,3121,2949,4980,8327,4457,3597,12561,11307,9254,9450,4160,395,5382,3550,890,523,2025,2245,979,233,3301,2609,1139,135,685,1322,648,1763,1806,2272,7403,7644,20154,11788,6014,125,2607,3081,6010,4445,20809,23446,16259,31377,4806
2005-09-01,6621,6566,5927,3449,8276,2919,2876,4470,7850,3881,3296,11108,10966,8807,9843,3825,500,5278,3134,718,715,1902,2106,992,208,3381,2151,964,172,718,1264,732,1659,1274,2092,7474,6559,22568,11067,12792,327,2331,2857,5914,4380,16512,20659,15388,20326,8351
2005-10-01,7377,7030,6109,3463,8518,2792,3120,4339,8209,3559,3401,11486,10966,6509,8607,4077,862,5256,3535,1283,863,2089,2103,985,438,5770,3089,1333,161,1015,1669,1039,1692,1575,2073,7283,6688,21662,11046,11537,195,2233,3430,5574,4544,17783,24133,16613,21774,9261
2005-11-01,6291,6963,6030,3278,7855,2339,3173,4234,8018,3169,3198,11064,10816,10982,7835,4747,1731,5117,3055,1311,888,2018,1936,859,971,5788,2966,1398,197,1183,1543,1045,1818,1226,2089,8416,5454,17621,12950,8000,129,2254,2996,5764,4540,15363,21217,15053,21031,5684
2005-12-01,7995,11379,7660,3512,9287,2836,3648,5732,11373,3584,4472,12734,11230,11306,8947,5943,4127,4953,4921,1101,1515,2801,2409,1025,1056,6076,2896,1852,203,1711,1686,910,2026,1471,2828,8236,5544,20704,11900,8564,154,2657,5025,9012,4844,15909,22330,23486,34176,6255
2006-01-01,5385,6839,5751,3025,7830,2270,2716,4441,7734,2994,2614,11382,10451,5377,12027,7354,4397,4897,2769,1006,830,1822,1608,664,346,6019,2650,1173,173,1159,1361,690,1654,1145,2213,7446,5901,17082,11996,9184,155,2344,3348,5220,4173,13922,20937,17181,35523,5436
2006-02-01,5545,6662,5559,3060,7819,2371,2770,4709,7454,2925,2669,9717,10881,5638,11839,7608,3959,5156,2572,587,777,1568,1703,708,236,3817,1713,964,264,722,1004,683,1644,1089,1856,7672,4585,17039,10940,10610,139,2125,3392,4774,4102,15333,19459,15499,18959,6546
2006-03-01,6235,7309,5883,3321,8254,2592,2941,5178,8014,3332,3022,11556,11228,7130,10661,7201,3270,4672,2983,775,902,1872,1920,804,389,6373,2368,881,256,878,1609,856,1819,1100,2167,7183,5898,21775,11156,10794,889,3658,4376,6118,4487,15676,20976,15470,31156,13986
2006-04-01,6151,6999,5932,3274,8514,2350,2962,4701,7910,3427,3306,11213,10881,6115,10104,6999,2117,4703,2266,745,485,1940,1972,855,178,5047,2650,972,163,1008,1675,1347,1593,1261,1954,6841,7025,23278,10444,18180,748,3126,3190,6861,4325,17449,21389,16181,23090,16981
2006-05-01,6244,6996,6073,3400,8801,2295,3012,4998,7937,4019,3135,12271,11235,7327,8940,6306,1104,4911,2363,733,522,1928,2238,926,643,4546,2975,1214,149,950,1490,1391,1716,1168,1982,7609,6165,19010,12046,8902,197,2435,3250,7092,4439,17184,20760,14912,25599,6579
2006-06-01,6096,6664,5807,3352,8782,2375,3122,4496,7517,3929,3405,10867,10920,8148,7734,5614,704,5174,3013,603,831,1871,2470,1029,217,4320,3299,1389,177,927,1643,1076,1762,1199,1919,8643,4774,20565,11412,5874,175,2797,2453,5839,4223,16048,21483,17737,20750,5605
2006-07-01,6111,6362,5856,3384,8123,2599,2992,4677,8450,4209,3306,12085,10793,8779,7774,4791,656,4874,4711,793,854,2025,2457,1074,460,4691,3545,1373,160,852,1631,853,1756,1144,1924,6520,6215,23881,11326,6538,191,3112,2847,5964,4330,16157,22351,16750,24901,5119
2006-08-01,5862,6600,6120,3361,8420,3040,2855,5046,8332,4513,3510,12458,10580,6932,9409,4397,491,5364,3677,706,556,2001,2230,1098,247,3483,2396,1050,121,618,1250,649,1767,1122,2227,7618,7423,20284,11542,5238,138,2883,2523,5788,4233,18424,21798,16102,29645,5959
2006-09-01,6435,6554,5913,3380,8566,2911,2947,4523,7807,3779,2956,10708,10042,6454,9962,4005,558,4915,2242,555,623,1754,2125,960,290,3730,2234,961,165,767,1347,709,1640,1036,2358,7988,5997,18026,10391,13070,224,2638,2643,5696,4368,15177,19412,14714,18676,8263
2006-10-01,7373,6862,6169,3429,8682,2850,3136,4500,8178,3669,3252,10823,10358,7694,8217,4264,853,5766,2896,799,933,1867,2111,950,608,5335,2937,1198,172,1017,1629,925,1833,1341,2250,7579,6526,20319,12429,13029,199,2447,2619,5815,4366,17801,21142,15067,21425,9055
2006-11-01,6190,6938,6078,3181,7634,2508,3253,4439,7920,3299,3190,11094,10682,6433,7907,4948,1826,5163,3684,1229,759,2023,1962,909,177,6302,2653,1325,176,1226,1442,958,1743,1123,1879,8976,5755,20558,13291,7072,156,2733,3109,6319,4306,15577,19872,14032,23121,5728
2006-12-01,7722,11178,7597,3402,8807,3157,3686,6047,11169,3563,4368,13030,11244,12055,8970,5747,3781,5240,4332,1460,1020,3031,2621,1125,308,6417,2903,1712,173,1565,1599,946,2114,1208,2608,9051,5120,21815,12383,6467,191,3144,4696,9782,4744,15926,22487,18229,36144,4874
2007-01-01,5454,6840,6007,2970,7554,2466,2791,4562,7798,3091,2662,12443,10327,4990,11046,7175,3426,5000,2803,612,830,2018,1757,813,372,6425,2948,1105,238,1228,1559,818,1630,1116,2195,7305,5721,19209,12344,8157,136,2338,3310,5834,4158,14541,20755,14950,37319,5325
2007-02-01,5650,6583,5709,3021,7256,2450,2842,4855,7449,3029,2754,10289,10194,5277,10845,7451,3029,5119,1953,612,607,1653,1749,755,527,4607,1895,807,171,795,1032,597,1809,1001,2038,7441,4696,18999,11111,10139,137,2128,2441,5160,4133,16326,22538,13406,21997,5702
2007-03-01,6255,7418,6115,3309,8081,2709,3016,5305,8207,3523,3205,11548,10211,8598,10124,7074,2828,4775,2504,540,812,1931,1980,664,512,6593,2345,884,194,908,1724,923,1882,1103,1929,8197,6308,25232,10902,10699,756,3441,3979,6556,4358,15923,24361,13958,30359,8803
2007-04-01,6224,6977,6039,3209,8428,2446,3011,4791,7925,3570,3311,11234,10318,7114,9460,6794,1691,4779,2614,769,667,1904,2058,864,181,5370,2580,1016,184,981,1623,1319,1671,1124,2300,7336,7118,21301,11449,22163,735,2722,2769,7224,4391,17434,23968,14298,24935,13774
2007-05-01,6224,7087,6167,3300,8775,2518,3091,4938,7838,4228,3278,11923,10522,7905,8877,6482,949,5107,2495,759,423,1905,2264,944,160,4558,3206,1226,158,1046,1523,1481,1706,1059,1821,8667,5648,17826,12273,9179,238,2441,3049,7030,4296,18558,23828,14228,24528,5495
2007-06-01,6096,6670,5887,3247,8424,2554,3182,4558,7496,4159,3561,11169,10426,7488,7645,5383,573,5096,3067,802,823,1999,2503,941,407,4656,3493,1355,143,955,1632,1088,1771,1027,2295,8552,4864,19510,10543,6067,122,2584,3145,5929,4094,16365,22883,15972,22667,4716
2007-07-01,6247,6495,6037,3285,8053,2589,3072,4658,8218,4095,3287,11427,10242,7510,7591,4794,517,5170,3988,922,678,2006,2470,1070,391,4692,3341,1231,255,828,1698,798,1771,1063,2269,8104,6187,22238,12289,6182,175,3081,4124,6179,4268,16265,23407,15341,25516,5518
2007-08-01,5898,6576,6148,3290,8205,3151,2892,5106,8149,4739,3570,12721,10139,7175,9067,4242,345,5237,4073,783,514,1891,2315,903,516,3166,2284,1021,289,645,1354,690,1627,1173,2001,8262,7011,19974,11523,5564,101,2482,3465,5980,4158,20476,23323,15248,31523,5052
2007-09-01,6624,6524,5975,3291,8407,2957,2867,4611,7763,4048,3264,11358,9329,8049,10141,3916,400,4994,2627,758,503,1915,2185,878,199,3579,2125,986,123,707,1410,730,1558,1225,2141,7638,6055,20299,10570,11529,153,2615,3062,5582,4220,15997,20940,14474,21234,8915
2007-10-01,7345,6762,6225,3269,8756,2892,3156,4431,7827,3595,3147,10791,10058,8114,8826,4027,1164,5660,2485,1090,868,1978,2141,920,244,5212,2948,1315,151,1002,1602,1008,1640,1362,1891,8279,6598,20340,12322,14143,207,2462,2766,5474,4252,17540,21661,15176,22224,9642
2007-11-01,6326,6721,6197,3134,8024,2503,3278,4406,7663,3192,3157,11150,9896,6985,8137,4788,2309,5011,3277,1009,860,1983,2095,1002,504,5773,2692,1460,190,1283,1551,840,1770,1159,1970,9018,5724,16266,13012,7653,123,2566,2876,6040,4241,16024,21625,15269,24531,5574
2007-12-01,7716,10857,7699,3401,9261,2843,3743,6025,10971,3610,4420,13583,10674,13667,9255,6049,3709,5139,4879,1454,1066,2821,2647,1026,130,6162,2860,1566,174,1498,1545,881,1866,1095,2184,9244,4972,23643,12828,6554,171,3031,5777,9652,4735,17552,24089,20145,37763,5036
2008-01-01,5558,6340,6095,2949,7354,2182,2848,4554,7370,3057,2660,12139,9515,6283,11531,7424,4257,5148,2814,669,696,1973,1701,741,504,6212,2768,1079,167,1247,1369,634,1537,1160,2230,7909,5636,24079,12803,9628,145,2388,3362,5604,4175,15342,23916,16478,37673,5922
2008-02-01,6037,6677,6321,3122,7883,2477,3110,5122,7120,3052,2903,10157,9664,4527,12117,8187,4738,5124,2544,590,779,1741,1873,757,308,4351,1864,894,175,813,1097,714,1615,1258,2146,8275,4683,17707,11494,9758,341,2175,2968,5280,4155,15704,20778,15261,19753,5640
2008-03-01,6543,7122,6431,3292,8396,2605,3214,5397,7661,3400,3231,11902,9656,5025,11366,7977,3163,4946,2735,714,613,1976,2106,795,128,6445,2482,957,173,999,1869,981,1728,1128,2242,8023,6474,21518,11762,9293,853,3449,3759,6872,4384,16791,25434,14954,30075,9524
2008-04-01,6416,6724,6405,3243,8471,2381,3143,4867,7423,3471,3187,10641,9239,7011,9757,7216,1937,4863,2513,644,698,1967,2122,885,86,4965,2509,984,179,977,1695,1380,1691,1178,1915,7665,7450,21707,11493,20495,884,2977,3476,7195,4222,18326,22149,14975,22819,12075
2008-05-01,6407,6798,6603,3343,8743,2413,3257,5189,7555,3949,3488,12124,8928,7768,8894,6553,1077,4649,2425,707,447,1945,2401,868,211,4635,2840,1123,118,985,1537,1313,1610,961,2066,7084,5828,21019,10766,10283,160,2256,3094,6855,4157,17583,20966,14250,24049,5846
2008-06-01,6381,6434,6317,3275,8632,2399,3317,4705,7258,3708,3534,10957,9325,7939,8052,5679,752,5380,3916,636,873,2040,2500,950,123,4206,2934,1081,144,865,1559,982,1646,1089,1989,7241,4611,21012,12428,6633,127,2525,3208,6181,4075,17183,22274,15611,22368,4896
2008-07-01,6186,6061,6145,3273,7843,2633,3157,4869,8204,4408,3503,11866,9138,10292,8118,5024,617,4859,4962,1008,613,2202,2594,1321,341,4634,3637,1346,135,913,1764,933,1857,1163,2374,7730,5600,24815,11693,6809,138,2854,3525,6043,4237,18045,24563,14419,25217,4683
2008-08-01,6146,6342,6550,3280,7706,2969,3080,5293,8457,4315,3679,13093,8910,6365,10506,4263,486,4971,3747,639,687,1970,2369,1012,769,3124,2259,1060,115,682,1317,619,1809,1068,2058,7586,6452,23399,10736,4867,95,2371,3413,6320,4121,18945,22208,14198,29624,5102
2008-09-01,6769,6289,6270,3270,8278,2868,3058,4707,7538,3734,3174,11119,9224,6830,10094,3970,465,5368,2907,871,853,1866,2236,956,221,3667,2094,904,225,737,1449,723,1749,1078,2340,6665,5705,20868,12421,12066,140,2481,3403,5909,4103,17665,21429,12438,19482,8757
2008-10-01,7483,6580,6491,3278,8649,2948,3274,4735,7981,3490,3316,11120,9622,8406,8994,4380,897,5234,2532,1086,730,1904,2237,995,393,4807,2697,1120,194,988,1614,943,1850,1107,2123,7073,6320,20745,11717,14324,174,2461,2695,5614,4269,17351,22506,13502,20784,7773
2008-11-01,7037,6619,6587,3172,7955,2505,3440,4744,7755,3241,3277,12177,9175,7817,8494,4950,2074,4784,3193,1009,779,2083,2161,910,158,6205,2646,1490,170,1364,1591,924,1746,986,2283,8529,6246,19442,12247,6827,100,2580,3357,6206,4247,16479,21044,12944,23821,5192
2008-12-01,8024,10702,7921,3432,9262,3109,3883,6145,10792,3559,4457,13295,10245,11857,9488,6023,3050,5254,3894,1154,1137,2905,2743,1195,346,5429,2449,1558,146,1361,1468,886,2155,1086,2198,7794,4968,20549,13372,6880,140,3046,4912,9492,4642,17515,22871,18024,34641,5522
2009-01-01,5692,6471,6236,2937,7569,2442,2975,4738,7335,3042,2795,11747,9325,6060,12263,7451,2915,4726,3273,633,645,1900,1771,765,337,6371,2528,1034,161,1173,1462,612,1899,1223,2129,7465,5334,16915,11458,9300,144,2700,3836,5848,3974,15265,22559,13898,34198,3908
2009-02-01,5894,6057,5905,2978,7463,2399,3000,5020,7091,3002,2818,10092,9691,4698,12619,7776,2710,4826,1965,495,477,1634,1828,660,165,3883,1669,704,177,707,1021,554,1828,920,2204,6955,4631,20934,11481,10229,142,2117,3108,4881,3902,15817,20875,12890,19036,4117
2009-03-01,6654,6853,6411,3292,8132,2508,3285,5461,7600,3392,3257,11179,10397,5286,11769,7733,2195,5196,2678,609,605,2069,2149,831,526,6307,2027,849,175,940,1727,914,2200,979,2080,8444,5964,22156,12741,10366,849,3368,4696,6368,4449,16122,24909,13644,28567,9771
2009-04-01,6527,6374,6146,3279,8370,2399,3168,5001,7323,3527,3156,10705,9780,7634,10917,7178,1126,4867,2366,659,761,2145,2197,863,360,4569,2451,976,161,1021,1682,1314,2047,939,1854,6724,6572,18661,11606,22416,735,3264,3122,7639,4188,17439,22073,13746,22376,11939
2009-05-01,6811,6555,6551,3381,8792,2471,3405,5405,7549,4110,3407,12498,9480,7957,9164,6358,612,4622,2502,922,490,2091,2561,948,181,4451,2755,1060,149,1064,1761,1201,2085,916,2410,6491,5502,18681,10864,9188,452,2240,3291,7739,4141,15898,21220,13245,24215,5687
2009-06-01,6316,6208,6118,3305,8590,2518,3353,4840,7172,3928,3384,10760,10568,8436,7899,5262,432,5440,3457,945,535,1873,2610,1070,117,3929,2935,1143,163,906,1565,1057,2062,1091,2177,8040,5172,20499,12533,5647,112,2582,2950,5888,4085,16211,22492,13515,20836,4510
2009-07-01,6457,5975,5977,3334,7716,2592,3205,4951,8280,4154,3114,11490,9786,8209,7834,4633,278,4832,4959,712,654,2006,2604,1150,209,3871,3029,1299,148,889,1663,765,2176,1091,2340,7135,6087,21639,11692,5910,181,3138,4157,5832,4135,16961,23041,14323,23780,4683
2009-08-01,6422,6314,6327,3325,8038,2953,3081,5409,8249,4301,3399,12759,9915,7391,9318,4104,281,5295,4674,614,455,2083,2511,1082,368,2820,2185,907,106,625,1287,583,2209,1090,2313,7287,6513,20418,11934,5531,102,2578,4158,6664,4145,20044,22181,12969,29252,4401
2009-09-01,6771,6145,5996,3319,8335,2798,3101,4807,7697,3758,2950,11170,9746,5189,8914,3766,306,4979,2757,603,506,1806,2373,944,215,3273,2141,932,134,731,1567,660,2072,1084,2443,7574,5818,20548,11591,11512,204,2613,3711,5780,4035,17039,21355,11943,20852,8550
2009-10-01,7501,6458,6372,3393,8364,2666,3387,4861,8031,3558,3255,11138,9749,7722,8198,4034,653,5115,2667,850,741,2018,2237,1009,75,4685,2705,1220,195,1012,1572,824,2168,1135,2248,7933,5800,21670,11273,13616,168,2533,2742,5750,4178,16674,22066,13208,19602,8758
2009-11-01,6634,6430,6280,3255,7653,2339,3431,4712,7853,3279,3222,11358,9567,8366,7891,4612,1478,5269,3537,1158,903,1994,2156,862,236,5558,2512,1392,190,1312,1580,918,1986,1044,1916,9425,4895,17915,14005,7493,109,2870,5057,5876,4132,16322,23688,11880,23175,5013
2009-12-01,7895,10299,7797,3420,8720,2689,3852,6327,10708,3608,4244,13078,10427,8913,8973,5524,2764,5112,4189,1062,1089,2901,2684,1170,344,5750,2678,1656,177,1526,1615,799,2246,1316,2367,8426,4692,26047,12593,6832,116,3546,6340,9146,4629,16922,25009,16402,34505,4764
2010-01-01,5674,6255,6036,3000,7501,2274,3046,4815,7475,3112,2679,12391,9963,6328,11406,6852,3003,4875,3281,860,564,1971,1830,849,102,5969,2383,1045,161,1140,1506,689,2048,1005,2230,7086,4979,21352,11891,8334,140,2784,4345,5920,3947,14669,21307,13432,33337,4077
2010-02-01,5734,5988,5737,3011,7512,2321,2947,5037,7122,2972,2740,10105,9671,4910,11545,7164,2937,4948,2579,468,531,1706,1809,801,440,4012,1678,717,156,757,1063,502,2047,1025,2122,6574,4211,19657,11450,9321,94,2311,3358,4806,3776,15518,19734,12293,18687,4559
2010-03-01,6454,6663,6128,3275,8279,2446,3204,5444,7662,3375,2969,11342,10340,8157,10880,7475,2535,5238,3150,654,881,2037,2088,1015,235,6289,2116,860,170,927,1753,797,2352,1160,2124,7052,5925,28074,12945,11578,875,3769,6547,6355,4470,17144,25997,13072,25938,9778
2010-04-01,6311,6227,5938,3208,8539,2306,3057,4892,7369,3391,3005,10527,9988,9518,10367,6858,1831,4775,2889,505,439,1989,2083,925,116,4110,2123,817,136,859,1516,1026,2223,1194,2715,6657,6560,18511,11839,18609,688,3500,3496,6857,4167,16253,21757,12785,22420,12126
2010-05-01,6458,6384,6233,3351,8817,2347,3259,5288,7654,3956,3215,12071,10027,7123,9350,6405,974,4895,1784,618,615,1986,2381,837,124,4097,2834,1079,155,969,1524,1267,2264,1234,1993,6087,4820,22036,11788,7169,181,2204,3928,7121,4062,17033,21375,11623,22041,5683
2010-06-01,6273,5922,5731,3313,8575,2401,3263,4726,7358,3961,3352,10213,10165,10395,7872,5474,602,5187,3785,595,565,1991,2631,1177,77,3902,2764,1112,148,896,1545,1071,2290,1364,1977,6658,4229,21005,11825,4717,94,2660,3445,5515,3993,18131,22861,13975,20076,4636
2010-07-01,6254,5627,5790,3311,7765,2550,3138,4962,8448,4479,3343,11433,9907,6473,8122,4579,412,4657,5424,621,651,2100,2717,1170,755,3878,3022,1266,132,857,1550,812,2494,1370,2188,7087,5309,25195,11095,5297,145,2866,3770,5881,4038,16784,23147,13817,24377,4208
2010-08-01,5983,5824,6000,3347,7904,2950,3013,5383,8443,4818,3451,12649,10309,9893,10273,3935,313,5294,4663,465,500,1972,2508,1040,174,2946,2094,960,104,613,1224,603,2397,1154,1739,5860,6080,23924,12484,4801,73,2677,4173,6039,3996,20040,23464,12554,27717,4545
2010-09-01,6411,5850,5962,3332,8190,2753,2995,4668,7760,4119,3103,10657,10173,7301,11533,3561,321,5182,3590,463,470,1770,2313,824,395,3074,1915,916,113,739,1420,592,2279,1145,1777,6944,5465,21664,11470,10001,180,2355,3853,5538,3893,16059,23723,11553,17736,7264
2010-10-01,7043,6089,6338,3354,8774,2727,3324,4731,8182,3703,3174,11257,10130,5868,9584,3782,764,5249,3455,813,899,1984,2298,795,238,5000,2642,1305,151,1004,1616,806,2318,1318,1855,7008,5759,19760,10941,13332,210,2197,5463,5555,4048,17275,21111,12702,20533,8964
2010-11-01,6371,5993,6152,3204,8165,2403,3367,4626,7862,3274,3059,11114,10438,9778,8274,4531,1703,5291,4596,1054,722,2019,2129,996,221,5025,2385,1310,142,1211,1383,853,2303,1145,2049,7878,4824,17995,13777,6539,103,2542,9368,5859,3998,16442,22567,11884,20833,4455
2010-12-01,7505,9952,7594,3385,9007,2892,3835,6133,10793,3619,4322,13157,10844,10443,9000,5555,3051,4999,4580,960,1339,2773,2622,1026,69,5205,2280,1435,152,1292,1559,810,2537,1320,2432,8101,4725,21414,12602,5576,117,2766,4978,9031,4372,17234,25024,15916,31208,5465
2011-01-01,5383,5924,6050,2968,7454,2256,3025,4665,7579,3164,2579,11794,10169,6308,11622,6865,3912,5011,3246,577,707,1980,1822,648,120,5405,2479,1135,145,1247,1509,481,2265,1061,2458,6994,5247,20151,12439,8014,135,2588,3594,5223,3995,14125,22043,12434,32229,5966
2011-02-01,5495,5689,5705,2987,7623,2378,3044,4982,7425,3209,2652,10213,10512,5904,12369,7338,3621,5190,2435,494,488,1633,1939,808,282,3802,1445,735,177,706,988,585,2154,1114,1985,6893,4101,18782,11623,7946,140,1962,3165,4595,3796,15572,20037,11768,18203,4102
2011-03-01,6956,6255,6163,3192,8279,2452,3374,5246,7931,3660,2885,9561,10442,4908,11045,7124,3520,4869,2564,519,582,1923,2327,857,451,5014,1772,773,146,787,1471,599,2547,1094,2025,7805,5404,23516,11816,8552,712,3623,4430,5891,4025,13359,23395,11829,25609,8617
2011-04-01,6020,5844,6065,3187,8164,2312,3080,4921,7733,3478,3058,10160,10458,7589,10152,6756,2021,4596,2410,546,627,2091,2106,815,92,4183,2398,900,141,895,1579,1025,2313,1134,1887,7844,5926,19722,11050,16653,735,2899,2941,6609,3941,15910,23010,11551,21474,11563
2011-05-01,6123,6004,6261,3363,8316,2355,3247,5238,7771,3938,3132,11454,10502,8009,8824,6068,1144,5107,2693,840,605,2120,2549,950,49,4099,2789,1158,139,952,1592,1127,2286,1072,2103,6452,4599,17673,12482,8259,244,2398,2555,6702,3984,15262,22136,11245,22517,5672
2011-06-01,5914,5706,6013,3263,8379,2335,3329,4657,7433,4152,3290,10151,10608,7690,7644,5177,730,5155,3800,826,841,2168,2767,951,113,3620,2907,1234,126,888,1556,939,2363,1281,1913,6486,4355,17268,11576,5055,100,2279,3432,5644,3844,16267,22283,13040,18468,5790
2011-07-01,6114,5475,5915,3325,8014,2636,3135,4956,8695,4717,3249,11630,10279,8711,8163,4431,497,4780,4789,954,837,2187,2734,1168,281,4068,3103,1329,109,851,1601,736,2415,1270,2267,6871,4939,19508,11054,5514,135,3126,4210,5547,3863,18235,22304,13717,21793,3811
2011-08-01,6048,5790,6138,3328,7863,2903,3094,5137,8502,4555,3298,11882,10492,10943,9262,3896,357,5476,3609,549,536,1974,2514,1084,456,2693,2059,943,108,604,1379,678,2359,1107,2024,6376,5990,19677,12205,4660,93,2396,2207,5775,3870,19107,22493,11620,28173,3723
2011-09-01,6356,5713,5984,3287,8152,2686,3041,4626,7791,3989,2910,10338,10662,8503,9969,3643,414,5192,3113,615,500,1939,2420,857,221,2966,1895,863,133,690,1358,582,2336,1106,2090,6812,5036,18314,11552,12914,179,2708,2561,5317,3987,16003,21782,11305,18196,6403
2011-10-01,7504,5954,6340,3333,8531,2651,3278,4667,8094,3806,2943,11208,10853,11071,8886,3916,798,5433,2910,841,897,2018,2296,914,625,5023,2790,1201,140,1008,1523,789,2323,1166,2002,7788,5359,19996,11721,11820,281,2478,2015,5685,4007,17252,21632,12406,18778,6658
2011-11-01,6066,5958,6264,3200,7663,2379,3386,4597,7965,3488,2894,11173,10597,8476,8041,4564,1549,5032,3418,877,851,2014,2171,969,490,5026,2649,1280,165,1185,1536,900,2193,1154,1985,7702,4677,18925,13048,8030,113,2862,2074,5459,4080,15353,21886,11048,21506,4511
2011-12-01,7702,9776,7822,3374,8685,2877,3874,6150,11275,3775,3994,12886,11296,11510,9114,5611,3437,5122,4039,1239,1135,2826,2738,1053,54,5382,2547,1644,150,1555,1560,895,2556,1280,2095,7482,4612,21191,12572,6712,152,3097,3087,9172,4305,16721,25229,15681,33042,3995
2012-01-01,5585,5751,6029,3085,7612,2331,3043,4748,7813,3341,2543,11954,10474,5548,12206,7241,3946,5061,2727,622,659,2161,1849,712,271,5496,2675,1132,186,1199,1506,683,2278,1038,2270,5968,4504,19553,12118,6896,123,2949,2469,5324,3856,14098,21531,11778,32154,4028
2012-02-01,5753,5782,5875,3240,7987,2531,3129,5076,7876,3306,2608,10168,10525,6093,12986,7797,3970,5141,2570,475,724,1832,1934,691,380,3713,1543,733,176,806,978,499,2249,1226,2515,6873,4217,20310,11605,8384,126,2631,1701,4309,3824,16310,21662,10895,17552,4571
2012-03-01,6320,6217,6130,3360,8419,2623,3267,5367,8214,3667,2904,11617,9921,5060,12291,7707,3384,4773,3167,870,811,2100,2121,688,148,5512,2065,878,147,827,1783,807,2462,1212,1892,8030,5468,27904,10693,9470,791,4003,2927,6065,4038,16834,23712,11040,27110,7027
2012-04-01,6214,5860,5954,3322,8470,2422,3096,4845,8065,3791,3008,10736,9847,5340,11192,7173,2131,4856,2005,640,574,1998,2194,835,95,4399,2434,934,143,998,1521,1164,2291,1168,2081,6568,7212,24259,11494,19880,668,3216,2118,6926,3870,16636,22569,11170,21982,11586
2012-05-01,6234,5895,6126,3425,8624,2330,3211,5115,7999,4151,3002,11466,9930,10337,9561,6512,990,5174,2975,743,628,1968,2603,890,124,3801,2771,1072,129,1015,1531,1149,2311,1157,2084,6486,5495,21957,12587,8409,200,2663,1548,7133,3956,18174,23971,10864,21310,6125
2012-06-01,6184,5613,5824,3333,8246,2422,3318,4754,7585,4073,3013,10527,9685,11411,7975,5337,559,4993,3912,1027,573,1911,2641,934,169,3627,2760,1169,135,860,1550,936,2294,1307,1955,6537,4630,24347,10704,4964,112,2522,1398,5552,3783,16275,21744,11642,18782,4206
2012-07-01,6125,5310,5648,3379,7547,2575,3126,4777,8714,4648,3083,11428,9402,11616,7869,4574,337,5153,4536,952,769,2170,2702,1026,239,3923,3161,1286,143,850,1561,756,2454,1191,2223,7689,5489,23693,12472,6090,129,3013,1590,5339,3861,17144,23164,11365,22786,4220
2012-08-01,6123,5414,5895,3364,7398,2942,3043,5185,8633,4894,3307,12137,9385,10184,9768,4012,306,5255,3654,763,634,2069,2598,925,381,2685,2062,960,111,637,1305,486,2399,1242,1924,7274,6052,22650,11922,4574,71,2149,1828,5521,3786,19408,24708,11431,27338,5245
2012-09-01,6431,5508,5771,3342,7668,2831,2993,4555,7938,4218,2985,10886,8894,7429,10629,3478,318,4882,2832,963,467,1862,2397,840,188,2900,1876,837,145,644,1280,567,2305,1066,1932,6977,5311,22774,11197,9613,160,2327,1615,5390,3771,15545,21227,10109,19954,6878
2012-10-01,7296,5792,6133,3360,8045,2835,3356,4554,8360,3771,2824,10682,9534,9368,9222,3698,858,5656,3047,961,1337,2068,2376,1072,244,4637,2559,1129,170,1025,1567,863,2454,1359,2135,7820,6614,20824,12862,12639,117,2194,1382,5434,3841,17547,21819,10901,18513,7383
2012-11-01,6228,5738,6060,3155,7511,2375,3352,4407,8023,3376,2961,11056,9056,9806,8524,4488,1892,5036,2960,1127,794,2072,2170,811,545,5394,2541,1382,145,1328,1550,928,2335,1115,1942,7752,5329,19554,13379,6969,65,2363,1731,5398,3871,15917,22062,10982,21057,5161
2012-12-01,7756,9752,7627,3446,8943,2832,3862,6096,11587,3825,4216,12759,10041,9882,10160,5908,3813,4991,3623,1364,1082,2796,2769,1110,172,5571,2475,1526,135,1552,1641,741,2569,1366,2396,7155,4855,23777,13258,5440,107,3290,2378,8880,4375,17116,24829,14290,30868,4489
2013-01-01,5586,5561,6056,3044,7611,2327,2983,4609,8100,3246,2751,11692,8877,5974,12942,7527,4153,5151,2862,633,672,1977,1938,700,28,5208,2592,1110,144,1210,1538,470,2213,1109,2299,6307,5191,21337,12810,8210,113,2621,2145,5275,3778,14932,22474,11777,32095,4975
2013-02-01,5689,5544,5802,3095,7592,2387,3037,5088,7661,3197,2741,9929,9319,5382,13178,7862,3985,5182,2446,581,559,1624,1963,683,194,4053,1647,738,157,738,1159,430,2174,1251,2001,6307,4160,24643,11822,8659,125,2939,1608,4913,3712,16080,21154,10988,17065,4857
2013-03-01,6400,6383,6373,3424,8132,2630,3242,5448,8201,3801,3161,12194,8562,9909,12271,7540,2770,4980,2621,577,639,2114,2354,780,138,6177,2357,848,154,879,1914,804,2590,1125,2210,7887,5825,32409,10950,8634,876,3733,2301,6746,4025,16862,25558,11430,26496,8732
2013-04-01,6332,5948,6342,3352,8154,2343,3220,4993,7872,3762,3033,11031,8871,9177,10362,6747,1874,5071,2366,698,646,2016,2327,773,134,4557,2512,868,147,936,1650,959,2256,1302,1974,6908,7052,22540,12469,17133,634,3135,1996,6876,3908,17714,24849,11808,21126,11630
2013-05-01,6356,6023,6367,3454,8347,2364,3221,5222,8050,4333,3154,12246,8952,10396,9547,6145,1025,4944,2563,790,742,1994,2637,1002,231,4077,2956,1142,128,1057,1637,1173,2204,1229,2020,7008,5218,19141,11861,8479,162,2406,1324,6702,3791,17776,23927,10601,21002,5240
2013-06-01,6322,5688,6305,3381,8275,2356,3329,4799,7709,4344,3360,11432,8915,8606,8331,5211,633,5037,4060,759,630,1957,2861,882,419,4088,2933,1130,123,935,1692,820,2185,1225,2161,7398,4700,21057,10806,4535,91,2468,1508,5960,3714,17546,22836,11994,18198,3714
2013-07-01,6099,5530,6079,3432,7909,2646,3142,4966,8711,4777,3087,11930,8809,9578,8848,4376,407,5323,5647,962,724,2029,2776,1013,194,4091,3174,1224,109,839,1610,635,2338,1369,2024,7026,6146,23289,12618,5093,89,3278,1409,5682,3920,18471,24169,11488,23018,3995
2013-08-01,5874,5620,6237,3371,7739,2972,3006,5447,8766,5002,3284,13060,8862,10573,11009,3855,331,5254,4444,643,609,2035,2605,937,71,2857,2193,984,87,672,1346,619,2372,1261,1852,6822,6415,21446,11030,4426,71,2636,1315,5902,3770,20324,23507,10653,26499,3981
2013-09-01,6245,5698,6133,3395,8245,2823,2987,4668,8135,4165,3030,11504,8792,8312,11736,3525,383,5485,3108,612,744,1883,2467,873,182,3457,1936,807,120,647,1426,605,2242,1222,2357,6893,5719,23381,12800,14016,116,2628,1760,5665,3709,15956,24277,9450,18173,6198
2013-10-01,6676,5916,6470,3498,8561,2715,3282,4575,8266,3959,3124,11040,8901,11425,9770,3714,818,5258,3433,861,846,1864,2440,984,246,5123,2595,1043,126,929,1649,772,2336,1211,1950,7213,5769,26773,12071,11798,148,2672,1808,5359,3786,17185,23155,10307,18620,7635
2013-11-01,6032,5816,6444,3330,8217,2495,3343,4582,8148,3471,2985,11803,8784,10733,9465,4616,1914,4907,3323,968,983,1964,2349,876,94,5663,2593,1404,139,1424,1577,846,2418,1172,2009,7789,5365,21898,12326,5690,82,2348,1735,6161,3742,16014,22285,10017,22650,4556
2013-12-01,7300,10027,8093,3634,9657,3024,3946,6056,11571,3858,4304,13783,9601,11837,10627,5830,3699,5259,4672,1267,948,2723,2757,1102,187,5639,2554,1490,141,1484,1635,844,2581,1361,2941,7057,5450,26835,13874,5400,101,2920,2806,8740,4120,16979,25564,12622,30363,5168
2014-01-01,5288,5986,6480,3221,8074,2405,3031,4678,7847,3375,2680,12195,8804,8153,13857,7385,3892,5014,3260,671,724,1952,2061,747,632,6424,2868,1100,150,1270,1684,608,2278,1151,2123,6420,5106,22803,12803,6865,82,2701,2119,5511,3654,16134,23096,11191,31699,4816
2014-02-01,5604,5638,6227,3337,7923,2476,3105,4921,7642,3228,2753,9972,8538,7630,14375,7925,3952,5227,3901,756,948,1631,2151,663,110,3573,1484,665,144,749,1245,413,2183,1104,2434,6874,3917,23672,11863,7841,143,2242,1991,4526,3533,13523,22253,9880,15356,4367
2014-03-01,6857,6405,6754,3662,8625,2674,4104,5595,8492,4381,3943,11975,8442,12368,14051,7756,3208,4848,7236,1022,1491,2524,3641,927,168,6719,2534,1166,188,1056,2137,987,2836,1273,3597,7577,6922,37007,12242,7944,713,2984,4607,7356,3984,17928,30067,9691,25374,7405
2014-04-01,5505,5910,6532,3441,8263,2370,2775,4925,8036,3530,2485,11170,8611,11589,11901,7106,1475,5087,2022,469,477,1772,1916,903,79,4330,2475,866,107,873,1535,1044,2143,1107,1529,7326,5618,24153,12088,19012,550,2887,2364,6123,3829,18981,22223,9567,21924,11138
2014-05-01,6010,6221,6930,3616,8684,2516,3084,5380,8370,4295,3194,12468,8575,5961,10364,6173,822,4357,2034,567,723,1978,2524,842,238,3923,2913,1133,130,988,1594,1224,2231,967,1873,6316,5267,18287,11048,7673,187,2238,1729,7212,3744,16900,21303,9350,21519,5736
2014-06-01,5963,5791,6709,3582,8555,2490,3282,4891,8082,4254,3302,11218,8803,10650,9148,5265,528,5410,3520,957,721,1838,2859,1034,322,4130,2785,1184,134,922,1777,885,2196,1155,1924,6609,4558,21189,12987,4902,76,2356,1669,5624,3685,17035,22951,10414,18246,4221
2014-07-01,5965,5429,6545,3530,7765,2567,3136,5021,9113,4593,3190,11624,8894,9498,9056,4502,370,4980,4391,893,686,1927,2846,980,352,3658,2969,1186,94,808,1583,612,2334,1095,1933,6960,5147,24216,12013,5475,114,3270,1389,5641,3692,17238,24966,10391,20990,4665
2014-08-01,6089,5913,6958,3559,8109,2950,3125,5464,9009,4551,3365,13061,8709,6798,10957,3933,299,5137,4008,533,507,1973,2706,1030,226,3105,2147,981,103,644,1477,623,2157,1161,2067,6990,6390,21000,11259,4162,72,2607,1420,6139,3666,19183,24296,10713,26430,4361
2014-09-01,6286,5829,6689,3476,8746,2863,3059,4807,8329,4044,2979,11318,9047,6272,10891,3721,400,5340,2570,554,588,1813,2523,840,169,3197,2153,809,143,692,1492,523,2148,1052,2007,6539,5963,26679,12956,8927,162,2862,1426,5729,3683,16734,23576,9182,17251,6187
2014-10-01,6607,5971,7126,3604,8661,2812,3407,4886,8699,3828,3026,11030,8881,9140,9633,4052,941,5595,2223,846,829,1985,2494,890,221,4649,2569,1053,159,988,1603,745,2375,1407,2111,8116,5728,25643,12524,11596,138,2829,1592,5681,3773,16723,24690,10070,16710,7719
2014-11-01,6101,5931,7112,3445,7841,2507,3520,4908,8461,3666,3056,12277,8532,7231,9312,4786,1780,4790,3166,845,1073,2071,2388,788,119,5959,2748,1324,159,1269,1672,860,2303,1233,2310,7989,5155,22953,13218,6289,114,2472,2318,6022,3775,16012,21533,9827,22864,4188
2014-12-01,7526,9979,8990,3717,9219,3041,4074,6415,12009,3904,4300,13018,9733,14172,10895,5906,3565,5617,4471,989,956,2789,2937,1022,82,5734,2574,1702,156,1584,1805,650,2644,1452,2775,7676,4787,21367,14418,5598,91,3050,1957,8824,4111,16816,25667,14140,29661,3797
2015-01-01,5295,5943,6940,3356,7940,2469,3134,4896,8254,3377,2604,11596,8559,7276,15107,7646,3192,4997,2790,574,720,2129,2010,579,188,5921,2332,1102,124,1161,1588,465,2328,1150,2395,6643,4858,20764,12799,7351,75,2791,1762,5260,3605,14503,23377,10566,30667,4693
2015-02-01,5485,5806,6726,3388,7996,2569,3226,5312,8130,3332,2739,10337,8741,6489,15280,8167,3017,5383,2337,848,640,1748,2047,665,117,3885,1711,610,162,722,1064,517,2187,1231,1987,6593,4279,23134,12274,7133,129,2124,1513,4648,3525,14546,20323,9245,16753,4812
2015-03-01,6136,6501,7118,3671,8703,2831,3472,5726,8735,3882,3073,12395,8990,8779,14344,8103,2175,5377,3399,731,854,2177,2427,827,104,6179,2341,810,158,866,1967,759,2626,1142,2044,7678,6016,28144,13091,7958,920,3396,2361,6293,3898,17709,26285,10278,26163,7966
2015-04-01,6015,6068,7118,3614,8926,2538,3301,5092,8343,3924,3009,10904,8872,7274,12287,7506,1254,5136,2504,521,660,2047,2474,797,155,4759,2532,881,137,927,1779,1321,2295,1117,1850,7133,6839,24390,12469,17143,648,2119,1938,6853,3765,16045,23195,9843,20306,9852
2015-05-01,6047,6216,7317,3697,9502,2575,3358,5536,8530,4515,3269,12926,8587,9466,10488,6411,607,4795,3150,627,769,2166,2888,778,101,4191,2975,1127,119,1030,1719,1238,2367,1111,2005,6319,5712,21387,11640,8285,114,2384,1567,7093,3574,16990,23296,8961,21310,5598
2015-06-01,5898,5866,6963,3618,9129,2622,3479,5048,8053,4202,3290,11063,9145,9603,8889,5177,359,5669,3521,970,599,1944,2799,993,155,3603,2750,987,115,823,1570,734,2357,1205,1592,6946,4965,19329,13247,5385,75,2682,1515,5585,3509,17073,21957,10512,16940,4140
2015-07-01,5997,5554,6859,3668,8467,2739,3283,5266,9311,4806,3148,12408,8617,8900,8697,4520,246,5118,4969,698,878,2034,2909,827,144,4135,2923,1103,142,809,1706,590,2457,1106,2289,6705,5768,22972,12448,5462,95,3073,1719,5821,3631,18707,23152,9878,19889,3828
2015-08-01,5941,5931,7194,3640,8548,3115,3222,5683,9471,4875,3330,13553,9228,8747,10859,3885,295,5381,4664,611,728,2169,2788,809,179,2890,2058,977,103,683,1547,559,2283,1188,1891,6596,6159,21869,12842,5228,91,2541,1377,6281,3632,20049,23967,9782,26913,4804
2015-09-01,6046,5938,6948,3654,9074,2942,3222,5107,8844,4072,2957,11636,8467,8821,10093,3464,293,5223,2787,615,721,1836,2579,1015,288,3310,2082,805,97,661,1468,558,2312,1134,1900,6434,5728,22120,12447,11666,160,2341,1231,6000,3525,16760,21746,8121,17980,7081
2015-10-01,7033,5974,7266,3725,9225,2905,3506,5092,9200,4064,3030,11552,8967,10576,8724,3672,581,5214,3061,953,849,1919,2623,776,179,4481,2459,1008,116,961,1565,698,2454,1261,2111,7292,6339,20995,11920,10164,116,2525,1211,5788,3648,16943,23459,9614,18273,6335
2015-11-01,6090,6052,7242,3577,8116,2602,3650,5008,8813,3736,3080,12145,8710,10042,8434,4282,1071,5277,3223,934,768,1966,2487,872,351,5116,2291,1160,119,1122,1548,684,2306,1170,2230,7697,4934,19752,14752,6641,120,2282,1449,5743,3651,16336,21473,8300,19694,4169
2015-12-01,7672,10239,8904,3829,9365,3155,4277,6750,12526,4130,4167,13314,9312,13002,9514,5086,1983,5087,4182,1528,1135,2770,3127,978,22,4938,2214,1356,121,1282,1579,588,2623,1290,2297,8625,4768,18283,13423,5965,95,2666,2183,8728,3986,16240,23875,11746,29441,3891
2016-01-01,5626,6059,7315,3492,7879,2537,3337,5178,8874,3566,2689,12304,8879,4456,12319,6235,2219,5002,2999,809,645,2047,2169,643,42,5401,2374,1137,127,1092,1624,536,2191,1067,2131,7505,4972,20880,13133,6944,91,2534,1683,5266,3456,14221,22444,9004,29523,4317
2016-02-01,5897,6070,7109,3677,8224,2666,3421,5609,8916,3642,2853,10933,8484,6232,14001,7002,2061,5507,2102,582,555,1687,2321,682,63,3755,1495,669,142,686,1197,427,2565,1207,2219,7657,3939,22902,13504,8900,86,2279,1193,5206,3541,15270,21023,9186,16140,4288
2016-03-01,6240,6707,7241,3864,8813,2824,3529,5928,9284,4030,3121,12287,8375,9920,12819,6802,1587,5105,3431,515,677,2138,2572,722,129,5509,1997,752,139,757,1762,769,2773,1346,2411,7674,5769,21887,12636,9227,875,2472,2045,6426,3706,17203,23870,8790,22953,8479
2016-04-01,6187,6074,7098,3755,8910,2662,3335,5372,8863,4160,2999,11434,8140,6205,11144,6380,866,4931,2150,531,582,1993,2548,691,130,4232,2486,866,113,829,1739,1059,2396,1251,2038,7073,6673,22395,12105,21287,690,2739,1879,6785,3604,16767,22494,9277,19498,11108
2016-05-01,6257,6253,7390,3957,9373,2672,3481,5695,9282,4633,3247,12823,8130,9127,9394,5493,479,5160,2950,648,642,2145,3086,997,317,4653,3057,1151,112,969,1776,1131,2350,1287,1849,6345,5077,20648,13766,7689,98,2004,1806,7180,3544,17038,22850,8308,18608,4899
2016-06-01,5952,5820,6798,3819,9150,2675,3499,5041,8575,4511,3203,10901,7715,6951,7969,4552,326,5385,3580,654,624,1854,2943,962,194,3523,2717,1001,114,743,1537,887,2366,1417,1797,7272,4392,18015,12848,4577,80,2392,1665,5938,3468,16692,23843,10002,16825,3685
2016-07-01,6079,5580,6878,3831,8412,2814,3354,5357,9957,4985,3253,12446,7750,11284,7911,3885,225,4781,5474,884,815,2028,3072,1049,149,3781,2724,1223,122,772,1615,609,2413,1243,2072,7195,5209,19794,11695,5311,112,3226,1936,5917,3468,17819,23331,9018,21315,3895
2016-08-01,5843,5750,7065,3796,8344,3218,3261,5708,9711,5115,3283,12868,8258,6754,9394,3422,214,5710,3752,653,729,1958,2877,890,100,2693,1923,876,85,547,1293,506,2318,1664,1941,7009,6323,17159,13531,4600,69,2719,1182,5891,3486,19927,22825,9236,25098,4765
2016-09-01,5985,5667,6724,3781,8770,3001,3203,4980,9012,4287,2844,11172,8328,6090,10031,3095,174,5035,3576,603,672,1760,2670,860,86,2919,1791,752,109,575,1400,497,2185,1143,1862,6579,5576,21068,13033,11205,113,2455,1709,5431,3419,17125,23207,8047,16363,6149
2016-10-01,6690,5847,7181,3876,9633,2998,3548,5127,9616,4147,3018,11812,8469,10806,8946,3287,499,5397,2773,955,1060,1921,2787,865,63,4658,2493,1021,116,858,1638,734,2344,1279,2171,6809,6287,19140,13139,10342,127,2165,1269,5513,3492,18087,23266,8641,17512,7538
2016-11-01,6102,5802,7132,3678,9148,2797,3564,4931,9177,3666,2981,11235,8333,9017,8057,3831,1202,5081,2989,818,854,1945,2503,779,69,4748,2186,1309,143,1093,1458,855,2289,1071,2111,7693,4679,21920,14269,6027,71,2079,1660,5458,3455,16120,22869,8548,18696,4351
2016-12-01,7314,9666,8890,3993,10089,3245,4056,6513,12663,4113,3949,13086,8979,13460,9211,4784,2165,5048,3505,1106,1132,2752,3124,877,189,4822,2147,1317,120,1139,1523,767,2528,1297,2357,6897,4537,21964,13783,6943,105,3091,2038,8323,3869,15734,25192,11673,28306,4110
2017-01-01,5416,5757,7151,3603,8305,2618,3330,5188,8983,3673,2509,11753,8148,4340,11546,5846,2651,5252,3172,1105,773,2087,2220,637,88,5754,2376,1071,139,1147,1645,511,2318,1153,2347,6160,5045,18740,13773,7346,99,2757,1889,5496,3425,14549,22820,9217,29559,3762
2017-02-01,5489,5535,6648,3577,8207,2707,3229,5397,8696,3541,2531,10038,7947,7602,12674,6338,2452,5323,2650,400,595,1708,2250,601,239,3459,1467,594,141,663,1058,471,2331,1094,2301,6839,3827,20877,12760,9752,74,2103,1832,4389,3356,14362,22029,8638,15549,4305
2017-03-01,6138,6286,7170,3849,8914,2805,3499,5837,9229,4049,2903,12049,7831,9975,12216,6219,2191,4955,2767,597,589,2049,2493,634,492,5711,1908,733,146,755,1742,662,2611,1274,2180,6831,6068,24350,13152,7507,774,3311,2808,6290,3537,17453,22517,8431,23804,7650
2017-04-01,6083,6008,7058,3786,9022,2560,3338,5368,9098,4166,2949,11543,7829,8269,11536,5930,1290,4969,2501,582,481,1957,2705,750,131,4174,2567,904,143,849,1803,1068,2413,1219,1950,6871,6701,19368,12226,17920,438,2767,1486,6830,3465,17530,23212,8301,21369,10445
2017-05-01,6064,6024,7321,3877,9158,2572,3458,5623,9229,4725,3450,12482,7646,8103,9577,5187,677,5092,3514,607,568,2123,3028,875,142,3933,2670,1079,126,900,1576,1025,2341,1419,1970,6363,5088,23580,13621,7417,112,2029,1761,6956,3435,16207,23484,8702,21352,4786
2017-06-01,5965,5539,7033,3762,8928,2537,3558,5057,8731,4612,3051,11303,7907,10438,8233,4342,416,5405,3696,595,533,1878,2934,987,275,3277,2361,929,123,720,1448,765,2460,1378,1907,7516,4977,19382,12972,4621,112,2882,1440,5952,3313,16764,23826,9785,17646,4533
2017-07-01,5915,5311,7034,3838,8156,2752,3411,5303,10006,5265,3330,12245,8005,10136,8446,3702,235,5066,6021,623,778,2128,3174,884,588,3957,2740,1249,117,757,1654,625,2369,1242,2063,6545,5320,21836,12932,5093,102,2566,1830,5740,3257,17511,25453,9279,18505,4103
2017-08-01,5939,5713,7374,3815,8174,3149,3357,5792,10170,5103,3464,13041,7604,7809,10361,3240,222,5560,3645,788,587,2092,3054,1083,51,2525,1814,816,130,551,1350,687,2440,1247,1899,6603,6176,20198,13128,4312,73,2099,1446,6150,3323,19835,24024,8840,25116,4351
2017-09-01,6246,5595,7139,3780,8589,2963,3264,5109,9277,4324,2987,11462,7650,8525,10538,3141,199,4948,2972,491,746,1873,2697,814,156,2942,1783,792,125,612,1407,498,2269,1169,2079,7028,5597,20869,12395,10965,129,2526,1330,5523,3368,16382,23079,8159,16071,6217
2017-10-01,6747,5705,7688,3863,8689,2926,3635,5145,9641,4057,3069,11397,7722,11937,9065,3378,699,5582,2630,876,753,1880,2717,871,19,4656,2327,1042,126,881,1535,718,2381,1129,2008,7829,5649,20636,14019,12144,102,2576,1223,5539,3380,16206,22820,8818,16229,8208
2017-11-01,6222,5799,7436,3736,8710,2698,3670,5065,9479,3829,3136,11900,7436,8582,8946,4144,1616,5018,3899,1122,1128,2093,2614,956,122,4880,2363,1378,138,1202,1418,761,2438,1156,2603,7952,5138,22034,14324,6291,78,2389,1225,5929,3461,16573,22580,7893,18898,4902
2017-12-01,7489,9676,9206,4044,10304,3342,4173,6783,13079,4128,4281,13610,8090,9134,10600,5231,2953,5215,3990,899,1072,2914,3191,1019,97,5038,2173,1447,113,1261,1449,642,2769,1389,2459,8171,4726,20871,13939,5671,115,3489,1927,9041,3752,17023,26055,11846,27884,4387
2018-01-01,5649,5679,7322,3682,8980,2650,3409,5426,9546,3885,2722,12331,7486,6259,13404,6428,3247,5166,3014,628,1080,2110,2326,698,120,5578,2161,1036,118,1101,1787,498,2482,1312,2785,7100,5375,19235,14418,6528,65,2590,1600,5689,3354,15258,23253,8887,30404,3840
2018-02-01,5720,5481,6955,3593,8850,2723,3299,5616,9128,3676,2739,10508,7002,6647,14222,6927,3212,5276,2604,444,571,1650,2326,659,149,3660,1435,735,111,654,1013,483,2322,1159,2047,7173,4057,24455,13159,7857,102,2124,1333,4590,3182,15501,21157,8480,14758,4090
2018-03-01,6190,5922,7306,3825,9081,2823,3417,6041,9740,4105,3121,12591,7708,6974,13534,6661,2067,4734,3143,528,823,2134,2672,717,56,6165,2085,734,139,837,1739,1113,2738,1401,2067,7892,5696,27531,12334,9212,676,2955,2327,7173,3446,16262,22859,8668,22603,6666
2018-04-01,6144,5637,7202,3780,8753,2587,3421,5458,9274,4245,3106,11688,8042,8541,11192,5791,1260,4967,2876,532,711,2235,2776,795,236,3929,2423,986,110,882,1710,1141,2313,1143,2052,7274,6488,18948,12887,18754,563,2409,1867,7064,3270,16154,22449,8834,18999,10540
2018-05-01,6196,5689,7455,3879,8938,2560,3516,5723,9498,4678,3151,12374,8152,8968,9439,5106,811,5287,2896,598,649,2047,2998,821,137,3874,2451,1057,123,830,1596,905,2266,1236,2042,7287,5111,24458,13656,9485,107,2264,1439,7190,3310,16459,21516,8250,17500,5329
2018-06-01,6150,5359,7166,3761,8702,2533,3590,5315,9014,4626,3194,11753,8671,9023,8286,4290,484,4807,4141,576,568,1977,3066,918,401,3361,2382,899,135,754,1490,795,2221,1185,2013,7457,4367,22853,11964,5971,52,2435,1099,5715,3201,15210,22005,9795,17354,4557
2018-07-01,6163,5162,7053,3787,8463,2815,3452,5624,10439,5455,3215,12415,8671,9285,8666,3794,320,5115,5426,657,913,2183,3148,940,91,3630,2558,1151,141,793,1510,580,2371,1191,2247,7283,5199,26318,13435,5674,81,3113,1520,5980,3199,17049,23964,8956,17323,4867
2018-08-01,6071,5370,7267,3829,8710,3324,3318,5968,10503,5329,3355,13521,9369,7052,10790,3194,291,5404,4601,434,604,1968,2944,837,128,2817,1885,875,76,579,1314,454,2300,1059,2000,7758,6319,27118,13066,5030,85,3037,1509,6196,3317,18849,25734,9087,23004,4831
2018-09-01,6436,5441,7302,3836,8989,3021,3402,5314,9423,4439,2985,11657,8984,6841,11354,3035,342,4877,2989,486,612,2005,2822,774,83,3290,1730,871,103,611,1374,503,2141,1145,1798,6770,6137,21454,12421,10670,152,2642,1732,5778,3262,15638,23445,8021,15278,6856
2018-10-01,6902,5723,7497,3819,9342,2966,3589,5342,9976,4391,3017,12012,9641,9521,9799,3341,702,5552,3150,715,879,2010,2852,906,35,4517,2198,966,138,824,1379,630,2414,1171,2407,7699,6505,21978,14340,13835,106,3149,1846,5951,3357,16096,22937,8356,16158,7760
2018-11-01,6192,5582,7252,3676,8512,2658,3698,5161,9437,4030,3008,12091,8880,10312,8772,3831,1324,4896,4114,764,1068,1987,2731,897,97,5500,2201,1284,121,1163,1490,601,2318,1104,2159,8097,5244,21815,14723,6826,69,2655,1522,5769,3402,15503,23845,8173,18773,5717
2018-12-01,7373,9390,9115,3950,9415,3250,4235,6979,13020,4358,4042,14028,9212,11740,9719,4719,2616,5172,5245,1018,1109,2821,3263,888,56,5617,2120,1518,101,1401,1630,643,2602,1279,2798,7647,5204,22598,14417,6441,93,3612,2542,9156,3561,16547,27069,10681,28561,4703
2019-01-01,5664,5692,7281,3632,8072,2798,3436,5646,9572,3994,2564,12333,8825,7451,12926,6295,2772,5295,3257,561,889,2315,2482,664,51,5238,2135,1115,120,1026,1579,736,2389,1112,2636,7136,5564,21167,14669,7948,98,2837,1692,6177,3224,16624,24034,9472,28867,4284
2019-02-01,5790,5320,6855,3550,7929,2728,3450,5856,9150,3814,2691,10930,8386,5960,14333,6954,2624,5375,2964,440,668,1780,2502,637,95,3758,1363,654,123,651,1094,630,2383,1031,2297,7349,4462,26375,13475,7362,154,2136,1368,5266,3194,15669,22084,8978,14135,4463
2019-03-01,6456,5928,7322,3820,8347,2836,3568,6478,9980,4375,3067,13317,8082,8004,13526,6616,1917,4768,3182,560,907,2232,2824,694,79,6291,2109,834,141,814,1783,714,2718,1019,2511,7687,6855,27335,12938,9644,971,3222,2649,6824,3411,16743,24127,9189,23129,6732
2019-04-01,6403,5623,7074,3736,8480,2716,3420,5908,9852,4497,3016,12452,7530,7366,11720,5882,1162,4690,2478,672,636,2147,2779,678,76,3904,2352,925,114,881,1647,1033,2637,983,2286,7223,7787,22563,12491,18984,546,2477,1873,7345,3113,18123,21977,9153,18638,11088
2019-05-01,6293,5740,7285,3969,8797,2671,3497,6106,10108,5210,3116,13375,9010,9679,11115,6012,635,5461,3914,598,827,2221,3173,996,145,4336,2719,1116,115,885,1591,930,2534,1107,2286,7175,6393,23609,14699,10399,192,2520,1793,7195,3511,18470,24780,8504,18860,5228
2019-06-01,6150,5425,7040,3824,8852,2590,3601,5618,9662,4969,3258,12244,8432,8647,8824,4616,389,5104,4957,587,604,1960,3275,901,120,3777,2493,964,93,806,1518,856,2504,1061,2588,7936,4967,23120,12167,5794,76,2119,1828,6214,3275,17486,23564,9932,16544,3555
2019-07-01,6181,5227,6777,3843,8221,2782,3472,5954,10836,5171,3146,12694,8303,10962,8307,3971,265,5135,4730,534,754,2253,3271,997,317,3692,2352,1007,142,727,1443,561,2653,1083,2379,8218,5875,25455,14072,5943,90,3259,1629,6050,3319,17544,24671,9653,17788,4314
2019-08-01,6172,5481,7142,3823,8193,3271,3331,6417,10988,5693,3544,14045,7908,8351,9636,3390,229,4735,5499,731,688,2135,3195,930,71,3146,2036,926,120,664,1231,477,2640,1028,2029,7656,6385,28413,12277,4865,68,2632,1674,6221,3349,20343,24961,9727,24490,3369
2019-09-01,6390,5467,7068,3890,8634,3101,3611,5635,10210,5184,3856,12446,7907,9954,10808,3002,440,5093,6919,664,953,2459,4242,913,309,3750,1884,1118,113,694,1682,567,2802,1317,3157,7723,7559,23626,14570,12266,157,2490,2741,6759,3309,17120,24981,8839,15710,6518
2019-10-01,7066,5656,7211,3899,8718,2994,3518,5637,10451,4638,2627,11556,7605,9764,9890,3073,478,5124,2595,624,765,1958,2489,959,52,4013,1945,871,89,762,1407,634,2434,1128,2126,7976,5391,21492,13531,11028,129,2246,1679,5758,3267,15999,22709,9026,16417,8268
2019-11-01,6159,5557,7176,3739,8211,2717,3566,5688,10327,4228,3043,12861,7095,11911,9070,3668,1300,4632,3263,732,877,2131,2677,886,119,5134,2259,1230,119,1054,1483,577,2486,1144,2355,8736,5238,23237,13278,4613,101,2628,2277,6649,3295,16700,23124,8466,16930,4019
2019-12-01,7415,9496,9034,4010,9435,3224,4177,7377,13628,4608,4282,14458,8056,9935,9750,4751,2537,5110,3875,981,1114,2715,3376,978,222,4937,2108,1290,111,1290,1554,525,2739,1262,2949,8583,5107,22520,14926,4621,76,3220,3118,9273,3632,17346,25494,10726,25377,4049
2020-01-01,5575,5535,7067,3646,7767,2612,3296,5642,10069,4146,2789,13224,7810,8251,12232,5850,2494,5112,2839,495,663,2076,2561,670,193,5367,1891,1018,93,928,1474,606,2457,1025,2642,7672,5191,19763,13825,5740,64,2913,2956,5593,3153,15394,24815,8322,26952,4705
2020-02-01,6193,5461,7218,3826,8025,2848,3557,6294,10112,4181,3026,11467,8373,6580,13201,6326,2617,5128,2900,430,584,1994,3419,637,51,3642,1290,627,126,674,1052,523,2737,1095,2793,7512,3845,26387,12049,6183,124,2082,1808,5328,3141,14481,22265,8261,14069,5190
2020-03-01,7170,6242,8108,4269,9019,3048,4021,6616,10320,4653,3376,9307,8307,8504,13100,6360,2048,5204,2927,454,767,2083,3502,800,177,4377,1571,617,164,605,1373,641,2748,1088,2670,7566,3351,29888,13914,6485,798,3240,2639,6791,3353,11324,24981,7754,16915,6978
2020-04-01,7177,6084,8539,4441,10150,2955,4164,6012,9824,4615,3769,4646,8236,8406,12117,5947,1335,5334,2570,419,404,1856,3552,821,169,1655,775,493,224,398,662,660,2713,1211,2706,6136,2211,23666,13219,16500,447,2321,2398,6404,3211,8799,20405,7752,10891,8525
2020-05-01,6973,6321,8968,4591,10322,2929,4078,6358,10306,5259,4045,5988,7850,6313,10541,5328,643,4847,4231,534,725,2311,3667,1036,11,2499,1585,879,157,604,950,767,2492,1272,3049,5423,2131,19577,12479,6890,298,2099,2020,7513,3219,7021,20414,8380,10337,5786
2020-06-01,6442,5899,7854,4132,9607,2762,3909,5815,9996,5444,3834,8184,8061,10523,9153,4563,387,5674,6669,739,1123,2635,3844,1159,65,3526,2505,1251,133,786,1442,660,2605,1312,3176,7359,2646,21046,14038,4548,196,2154,2693,6634,3222,10720,24827,10809,13368,3570
2020-07-01,6490,5655,7751,4114,9188,2824,3832,5991,10961,5166,3675,9429,8253,8645,8585,3862,234,5098,6607,649,791,2360,3750,965,29,2783,1944,973,143,639,1382,499,2711,1331,3218,7748,2325,20969,13195,5316,113,2783,2801,6520,3220,10749,23842,9391,13957,3439
2020-08-01,6477,5966,8272,4186,9862,3466,3736,6683,11258,6108,4130,10172,8137,8618,9661,3511,201,5373,6076,743,693,2448,3754,989,97,2309,1601,894,111,568,1157,387,2762,1557,3221,7436,2470,25755,13536,4375,83,2665,1917,6834,3166,12544,24525,7192,15330,3346
2020-09-01,6647,5745,7681,4024,9122,3236,3706,5940,10423,5075,4140,9975,7862,9139,11206,3192,242,5040,4246,573,765,2273,3398,797,258,2685,1473,818,109,490,1070,355,2478,1054,2948,6767,3462,25043,13316,9218,157,3100,1980,6247,3192,12160,22065,6718,11685,6570
2020-10-01,6875,5858,7896,3973,9275,3266,3853,6060,10690,4597,3253,11025,8270,11484,10152,3240,555,5408,4370,840,1671,2253,3202,910,52,4303,2168,1079,158,743,1218,505,2637,1132,2978,9010,3963,22080,12847,11455,116,2936,2054,6248,3252,14366,23978,7070,12908,5278
2020-11-01,6231,5948,7904,3885,8686,2895,4005,5949,10682,4345,3607,11270,8428,11491,8965,3987,1105,5482,3758,848,1068,2234,3276,794,46,4142,1876,1029,142,886,1284,570,2511,1104,2943,8516,3021,24195,15151,6270,84,2716,2034,6496,3287,13542,24123,6833,14072,5003
2020-12-01,7791,9969,9969,4199,9826,3447,4728,7761,14440,4777,4761,10360,8574,12269,9137,4581,2315,5359,4932,956,1187,3211,3890,1082,179,4380,1721,1327,112,1178,1285,499,2865,1184,3210,7753,2617,21573,14178,5581,89,3338,3256,9373,3683,12690,27320,8819,23054,4228
2021-01-01,5988,5906,8031,3885,8712,2973,3844,6103,10764,4247,3253,7992,8404,7043,11875,5740,2568,5214,3815,615,881,2348,2959,654,85,3741,1377,912,122,828,1101,273,2464,1046,2950,6475,2227,21008,13585,5873,123,2770,2468,5686,3241,10313,23772,7395,19244,4867
2021-02-01,5847,5601,7406,3805,8320,2999,3673,6424,10468,4197,3128,7961,7980,7156,12854,5980,2198,5558,2871,468,674,2025,2830,685,59,2947,1157,647,120,479,910,387,2565,1024,2553,7010,2173,21601,12589,9328,147,2100,1911,5691,3128,9994,19993,6743,11377,4710
2021-03-01,6473,6097,7758,4146,8817,2973,3824,6801,10991,4735,3353,9693,9518,12118,13197,6425,1883,5894,3731,757,826,2472,3196,687,25,4597,1761,758,152,640,1448,610,2782,1174,2912,8153,3910,26917,14846,9556,748,3417,3841,7210,3667,12345,27213,6950,18742,9060
2021-04-01,6480,5733,7649,4060,8795,2861,3745,6162,10693,4798,3527,8594,8970,10568,10696,5674,1110,5318,3172,446,590,2329,3317,814,238,3375,1946,863,122,738,1258,745,2645,1166,2649,7476,4485,28105,13236,19239,641,2553,2663,7570,3474,12365,25207,6913,13893,11380
2021-05-01,6644,6018,8298,4219,9330,2796,3908,6592,10954,5236,3835,8726,9074,9484,9644,5155,624,5350,4365,586,749,2249,3666,750,16,2951,1979,945,94,616,1170,709,2457,1234,2698,7691,2713,25622,13172,9128,151,2267,2514,7230,3210,11832,26476,6852,11931,7152
